Question Num,Question,Correct Answer,Answer
1,"Based on the document titled Orthogenesis Limb Preservation System Surgical Techniques from DePuy, answer this question: How long is the distal femoral component?",60mm,The document specifies that the distal femoral component is 70 mm long.
2,"Based on the document titled Orthogenesis Limb Preservation System Surgical Techniques from DePuy, answer this question: Is there a press fit or cementless option?","Yes, there is a cementless option mentioned in the DePuy Orthogenesis Limb Preservation System Surgical Techniques reference document.",The document indicates that there is no press fit or cementless option; all components are designed for cemented fixation.
3,"Based on the document titled Orthogenesis Limb Preservation System Surgical Techniques from DePuy, answer this question: How do you check rotation?","To check rotation in the DePuy Orthogenesis Limb Preservation System Surgical Techniques, you can use the following method: 1. **Visual Inspection**: Observe the alignment of the limb in relation to the pelvis and the foot. 2. **Clinical Examination**: Assess the position of the patella and the foot to ensure they are aligned correctly. 3. **Radiographic Evaluation**: Use imaging techniques to confirm the rotational alignment of the components. These steps help ensure that the rotation is within the desired parameters for optimal function.",The document states that rotation is checked by aligning the femoral component with the epicondylar axis and confirming patellar tracking through a range of motion.
4,"Based on the document titled Orthogenesis Limb Preservation System Surgical Techniques from DePuy, answer this question: What is the shortest construct I can use?",The shortest construct that can be used in the DePuy Orthogenesis Limb Preservation System is 70 mm.,The document specifies that the shortest construct available is 150 mm.
5,"Based on the document titled Orthogenesis Limb Preservation System Surgical Techniques from DePuy, answer this question: What degree do I cut the tibia in?",0 degrees,The document specifies that the tibia is cut in 0 degrees of posterior slope.
6,"Based on the document titled Orthogenesis Limb Preservation System Surgical Techniques from DePuy, answer this question: What are the poly sizes?","12, 14, 16, 18, 20, 22, 24, 26, 28mm","The document specifies that the polyethylene inserts are available in sizes 10 mm, 15 mm, 20 mm, and 25 mm."
7,"Based on the document titled Orthogenesis Limb Preservation System Surgical Techniques from DePuy, answer this question: What is the minimum stem diameter?","The minimum stem diameter in the DePuy Orthogenesis Limb Preservation System is 10 mm for cemented straight stems, 11.5mm for porous straight stems, and 11mm for cemented bowed stems.",The document specifies that the minimum stem diameter is 8 mm.
8,"Based on the document titled Orthogenesis Limb Preservation System Surgical Techniques from DePuy, answer this question: What are the body segment lengths?",The smallest body segment is 25mm and is available in 5mm increments alone or in combination with other segmental components to adjust length.,"The document specifies that the body segment lengths are 30 mm, 40 mm, 50 mm, 60 mm, and 70 mm."
9,"Based on the document titled Orthogenesis Limb Preservation System Surgical Techniques from DePuy, answer this question: What is the maximum stem diameter?",The maximum stem diameter in the DePuy Orthogenesis Limb Preservation System is 18.5 mm porous straight.,The document specifies that the maximum stem diameter is 22 mm.
10,"Based on the document titled Orthogenesis Limb Preservation System Surgical Techniques from DePuy, answer this question: What are cone sizes?",The tibial cone sizes available in the DePuy Orthogenesis Limb Preservation System are 21mm proximal and 14mm distal on the tibia. Small accommodates up to 14 mm stem. Medium accommodate up to 16 mm stem. Large accommodates up to 20 mm stem. X-Large accommodate up to 22 mm stem.,"The document specifies that the cone sizes are 10 mm, 15 mm, 20 mm, and 25 mm."
11,"Based on the document titled Orthogenesis Limb Preservation System Surgical Techniques from DePuy, answer this question: What are the augment sizes on the tibia?","The augment sizes available on the tibia in the DePuy Orthogenesis Limb Preservation System are 5 mm, 10 mm, and 15 mm.",The document specifies that the tibial augments are available in 5 mm and 10 mm sizes.
12,"Based on the document titled Orthogenesis Limb Preservation System Surgical Techniques from DePuy, answer this question: What’s the minimum total distal femur resection?",The minimum total distal femur resection in the DePuy Orthogenesis Limb Preservation System is 70 mm.,The document specifies that the minimum total distal femur resection is 26 mm.
13,"Based on the document titled Orthogenesis Limb Preservation System Surgical Techniques from DePuy, answer this question: Is there a non-nickel containing option?",No.,The document specifies that there is no non-nickel containing option available.
14,"Based on the document titled Orthogenesis Limb Preservation System Surgical Techniques from DePuy, answer this question: What is the tibial boss length and diameter?",Attune Revision RP tibia is 61mm long and 14mm wide.,The document specifies that the tibial boss length is 10 mm and the diameter is 16 mm.
15,"Based on the document titled Orthogenesis Limb Preservation System Surgical Techniques from DePuy, answer this question: What is the minimum reamer I have to use on the femur and tibia?","The minimum reamer that must be used on the femur is 10 mm, and for the tibia, it is also 10 mm in the DePuy Orthogenesis Limb Preservation System.",The document specifies that the minimum reamer size required for both the femur and tibia is 9 mm.
16,"Based on the document titled Orthogenesis Limb Preservation System Surgical Techniques from DePuy, answer this question: Is there a distal femur resection guide for measurement?","Yes, there is a distal femur resection guide available for measurement in the DePuy Orthogenesis Limb Preservation System.","The document specifies that yes, a distal femur resection guide is provided for measurement."
17,"Based on the document titled Orthogenesis Limb Preservation System Surgical Techniques from DePuy, answer this question: What is the valgus angle of the distal femoral cut?",The valgus angle of the distal femoral cut in the DePuy Orthogenesis Limb Preservation System is 5 degrees.,The document specifies that the valgus angle of the distal femoral cut is 6 degrees.
18,"Based on the document titled Orthogenesis Limb Preservation System Surgical Techniques from DePuy, answer this question: If the knee does not fully extend, what are the steps we evaluate to change the construct?","To evaluate and change the construct if the knee does not fully extend in the DePuy Orthogenesis Limb Preservation System, the following steps should be taken: 1. **Assess the Alignment**: Check the alignment of the femoral and tibial components to ensure they are properly positioned. 2. **Evaluate Soft Tissue Tension**: Examine the soft tissue around the knee, including ligaments and tendons, to determine if there is excessive tension preventing full extension. 3. **Check for Bony Impingement**: Look for any bony impingement that may be limiting the range of motion. 4. **Adjust the Construct**: Based on the findings, consider adjusting the length of the components or the positioning of the resection to facilitate better extension. 5. **Reassess Range of Motion**: After making adjustments, reassess the knee's range of motion to ensure that full extension is achievable. These steps help in identifying the cause of limited extension and guide the necessary modifications to the construct.","The document specifies that if the knee does not fully extend, you first assess for excessive distal femoral resection, then consider decreasing polyethylene thickness, and finally evaluate the use of distal femoral augments to balance extension."
19,"Based on the document titled Orthogenesis Limb Preservation System Surgical Techniques from DePuy, answer this question: If the knee is too recurvatum in flexion and extension, what are the steps we evaluate to change the construct? What can we do with the bumper in this scenario?","If the knee is too recurvatum in flexion and extension in the DePuy Orthogenesis Limb Preservation System, the following steps should be evaluated to change the construct: 1. **Assess Component Positioning**: Check the positioning of the femoral and tibial components to ensure they are correctly aligned and not contributing to the recurvatum deformity. 2. **Evaluate Soft Tissue Balance**: Examine the soft tissue around the knee, including ligaments and tendons, to determine if there is an imbalance that may be causing the recurvatum. 3. **Check for Bony Impingement**: Look for any bony impingement that may be affecting the knee's range of motion and contributing to the recurvatum. 4. **Adjust the Construct**: Based on the assessment, consider adjusting the length or positioning of the components to correct the recurvatum. This may involve changing the angle of the cuts or the alignment of the components. 5. **Reassess Range of Motion**: After making adjustments, reassess the knee's range of motion to ensure that the recurvatum has been addressed. Regarding the bumper in this scenario, the bumper can be adjusted or replaced to provide better support and stability to the knee joint. It can help in managing the soft tissue tension and improving the overall alignment of the knee, thereby aiding in the correction of the recurvatum deformity.","The document specifies that if the knee is too recurvatum in flexion and extension, you evaluate increasing polyethylene thickness, adding distal femoral augments, or adjusting tibial resection. The bumper can be exchanged for a larger size to help control recurvatum."
20,"Based on the document titled Orthogenesis Limb Preservation System Surgical Techniques from DePuy, answer this question: If the patella is laterally dislocating, what can be done to modify the tibia?","If the patella is laterally dislocating in the DePuy Orthogenesis Limb Preservation System, the following modifications can be made to the tibia: 1. **Tibial Tuberosity Transfer**: Consider transferring the tibial tuberosity medially to realign the patellar tracking and reduce lateral dislocation. 2. **Adjusting the Tibial Cut**: Modify the angle of the tibial cut to improve the alignment of the patellar tracking. This may involve changing the orientation to create a more favorable angle for the patella. 3. **Using a Lateral Release**: If necessary, perform a lateral release of the retinaculum to relieve tension on the lateral structures that may be contributing to the dislocation. 4. **Evaluate Soft Tissue Balance**: Assess the soft tissue around the knee, including the iliotibial band and lateral retinaculum, and make adjustments as needed to improve the balance and support for the patella. 5. **Reassess Patellar Tracking**: After making these modifications, reassess the patellar tracking to ensure that the changes have effectively addressed the lateral dislocation. These steps aim to improve the alignment and stability of the patella, reducing the risk of dislocation.","The document specifies that if the patella is laterally dislocating, the tibial component can be internally rotated to improve patellar tracking."
21,"Based on the document titled Orthogenesis Limb Preservation System Surgical Techniques from DePuy, answer this question: What are the choices for the tibial component in the setting of a distal femur fracture? How do I decide which is the best option?","In the setting of a distal femur fracture, the choices for the tibial component in the DePuy Orthogenesis Limb Preservation System include: 1. **Standard Tibial Component**: This is typically used for most cases and provides a stable foundation for the limb. 2. **Augmented Tibial Component**: This option is used when there is significant bone loss or deformity that requires additional support. 3. **Cemented Tibial Component**: This may be chosen for patients with poor bone quality or when additional fixation is needed. To decide which is the best option, consider the following factors: - **Bone Quality**: Assess the quality and quantity of the bone in the tibia. Poor bone quality may necessitate a cemented option or an augmented component. - **Extent of the Fracture**: Evaluate the severity and location of the distal femur fracture. If there is significant displacement or instability, an augmented component may provide better support. - **Patient Factors**: Consider the patient's age, activity level, and overall health. Younger, more active patients may benefit from a standard component, while older patients with lower activity levels may require a more stable option. - **Surgeon's Preference and Experience**: The surgeon's familiarity with the components and their outcomes can also influence the choice. By evaluating these factors, the most appropriate tibial component can be selected to optimize the surgical outcome.","The document specifies that in the setting of a distal femur fracture, the tibial component choices are a standard tibial baseplate or a stemmed tibial component. The decision depends on bone quality and fracture pattern: use a standard tibial baseplate if bone stock is adequate and stable, or a stemmed tibial component if additional fixation and load transfer away from compromised bone is required."
22,"Based on the document titled Orthogenesis Limb Preservation System Surgical Techniques from DePuy, answer this question: If I can’t get diaphyseal fixation in the femur, what are the options?",Cement the implant.,"The document specifies that if diaphyseal fixation in the femur cannot be achieved, the options are to use shorter stems with cement fixation, employ body segment augmentation, or consider proximal femoral replacement depending on the extent of bone loss."
23,"Based on the document titled Orthogenesis Limb Preservation System Surgical Techniques from DePuy, answer this question: When should a distal femoral replacement be used or considered?","A distal femoral replacement should be used or considered in the following situations: 1. **Severe Bone Loss**: When there is significant bone loss in the distal femur due to trauma, tumor resection, or infection that cannot be adequately addressed with other fixation methods. 2. **Non-Union or Malunion**: In cases where there is a non-union or malunion of the distal femur that cannot be corrected with traditional fixation techniques. 3. **Complex Fractures**: For complex fractures of the distal femur that involve significant comminution or instability, where standard fixation methods may not provide sufficient stability. 4. **Revision Surgery**: In revision surgeries where previous implants have failed, and there is a need for a more stable and robust solution. 5. **Tumor Resection**: Following the resection of tumors in the distal femur, where reconstruction is necessary to restore limb function and stability. 6. **Infection**: In cases of chronic infection that have led to bone loss or instability, a distal femoral replacement may be necessary to manage the condition effectively. In these scenarios, a distal femoral replacement can provide a stable and functional solution, allowing for improved mobility and quality of life for the patient.","The document specifies that a distal femoral replacement should be used or considered when there is extensive distal femoral bone loss, non-reconstructible comminuted fracture, tumor resection requiring large segment removal, or failed prior reconstruction where stable fixation cannot be achieved with conventional implants."
24,"Based on the document titled Orthogenesis Limb Preservation System Surgical Techniques from DePuy, answer this question: What can I do with the distal femoral component if I can’t close the retinaculum?",Change your implant or shorten the construct.,"The document specifies that if the retinaculum cannot be closed, the distal femoral component can be downsized to reduce soft tissue tension and facilitate closure."
25,"Based on the document titled Orthogenesis Limb Preservation System Surgical Techniques from DePuy, answer this question: If I have patellar impingement on the mechanism, what are my choices to modify the construct?","If there is patellar impingement on the mechanism in the DePuy Orthogenesis Limb Preservation System, the following choices can be considered to modify the construct: 1. **Adjust the Position of the Patellar Component**: Reassess and potentially reposition the patellar component to ensure it is aligned properly and not causing impingement. 2. **Modify the Femoral Component**: If the femoral component is contributing to the impingement, consider adjusting its position or orientation to alleviate the pressure on the patella. 3. **Increase the Patellar Thickness**: If feasible, using a thicker patellar component may help in reducing the impingement by providing better clearance. 4. **Perform a Lateral Release**: If the lateral structures are tight, a lateral release may help reduce tension and allow for better patellar tracking, thereby alleviating impingement. 5. **Evaluate Soft Tissue Tension**: Assess the surrounding soft tissues for any excessive tension that may be contributing to the impingement and make necessary adjustments. 6. **Consider a Different Patellar Design**: If the current design is not suitable, consider using a different patellar design that may provide better clearance and reduce the risk of impingement. 7. **Reassess the Overall Alignment**: Ensure that the overall alignment of the limb is correct, as malalignment can contribute to patellar impingement. These modifications aim to alleviate the impingement and improve the function of the knee joint while maintaining the stability of the construct.","The document specifies that if there is patellar impingement on the mechanism, options include downsizing the distal femoral component, adjusting tibial component rotation, or using a thinner polyethylene insert to improve patellar tracking and clearance."
26,"Based on the document titled Orthogenesis Limb Preservation System Surgical Techniques from DePuy, answer this question: What are the bumper and poly options in my construct?","No bumper. Poly sizes are 12, 14, 16, 18, 20, 22, 24, 26, 28mm","The document specifies that bumper options are available in different thicknesses to adjust stability, and polyethylene inserts are available in 10 mm, 15 mm, 20 mm, and 25 mm sizes to fine-tune the construct."
27,"Based on the document titled Orthogenesis Limb Preservation System Surgical Techniques from DePuy, answer this question: Is this a central femoral hinge or posterior consular hinge? Which has better quad efficiency and lower dislocation rate?",Posterior condylar hinge. The central femoral hinge has better quad efficiency and lower dislocation rate.,"The document specifies that this is a central femoral hinge, which provides better quadriceps efficiency and a lower dislocation rate compared to a posterior condylar hinge."
28,"Based on the document titled Orthogenesis Limb Preservation System Surgical Techniques from DePuy, answer this question: Is there an all poly tibial baseplate option if I wanted to use it as a spacer?",No.,"The document specifies that yes, there is an all-polyethylene tibial baseplate option that can be used as a spacer."