Question Num,Question,Correct Answer,Answer,Score,Rationale
1,"Based on the document titled Segmental Distal Femoral Replacement Surgical Technique from Zimmer Biomet, answer this question: How long is the distal femoral component?",70mm long,The distal femoral components are available in 7 cm and 8.5 cm lengths.,2,"The answer correctly notes that one option is 7 cm (equivalent to 70 mm) but incorrectly adds another option (8.5 cm), which is not supported by the model answer."
2,"Based on the document titled Segmental Distal Femoral Replacement Surgical Technique from Zimmer Biomet, answer this question: Is there a press fit or cementless option?",Yes,Yes. Components made of OsseoTi titanium alloy and the Compress Segmental Femoral Replacement System are indicated for uncemented use.,3,The respondent's answer correctly states that the option is cementless and provides appropriate supporting detail from the document.
3,"Based on the document titled Segmental Distal Femoral Replacement Surgical Technique from Zimmer Biomet, answer this question: How do you check rotation?","To check rotation in the Zimmer Biomet Segmental Distal Femoral Replacement Surgical Technique, you can follow these steps: 1. **Visual Inspection**: Observe the alignment of the limb in relation to the pelvis and the foot to ensure proper rotational alignment. 2. **Patellar Positioning**: Assess the position of the patella. It should be facing forward and aligned with the midline of the tibia. 3. **Clinical Examination**: Evaluate the range of motion and feel for any resistance or abnormal movement that may indicate improper rotation. 4. **Radiographic Evaluation**: Use imaging techniques, such as X-rays, to confirm the rotational alignment of the components. These steps help ensure that the rotation is within the desired parameters for optimal function of the knee joint.","The document does not provide specific instructions on how to check rotation. It only notes that when implanting the tibial assembly, the impactor should be used carefully to match the patient’s correct rotational alignment.",1,The respondent's answer does not match the detailed process provided in the model answer and instead incorrectly dismisses the outlined checking procedures.
4,"Based on the document titled Segmental Distal Femoral Replacement Surgical Technique from Zimmer Biomet, answer this question: What is the shortest construct I can use?",60mm,The shortest construct listed in the Segmental Distal Femoral Resection Chart is 8.5 cm.,1,"The respondent's answer is incorrect since 8.5 cm is equivalent to 85 mm, not the 60 mm indicated in the model answer."
5,"Based on the document titled Segmental Distal Femoral Replacement Surgical Technique from Zimmer Biomet, answer this question: What degree do I cut the tibia in?",0 degrees,"The document does not specify a degree of tibial cut. It only details the use of tibial resection guides, stylus references, and resection depths for preparing the proximal tibia.",1,"The respondent incorrectly states that the document does not specify the degree, whereas the correct answer is that the tibia should be cut at 0 degrees."
6,"Based on the document titled Segmental Distal Femoral Replacement Surgical Technique from Zimmer Biomet, answer this question: What are the poly sizes?",Nowhere to be found (9mm to 24mm per rep),"The document specifies a 12 mm tibial bearing trial and states that the tibial bearing should allow full extension with no more than 8 mm of joint distraction, but it does not provide a complete list of all available polyethylene bearing sizes.",2,The respondent correctly notes that the document does not provide a full list of polyethylene sizes but includes irrelevant information about tibial bearing details instead of the model answer range.
7,"Based on the document titled Segmental Distal Femoral Replacement Surgical Technique from Zimmer Biomet, answer this question: What is the minimum stem diameter?",11mm,"The minimum stem diameter referenced in the document is 8 mm, as shown in the tibial preparation section where flexible reamers start at 8 mm.",1,"The respondent provided an incorrect value; the correct minimum stem diameter is 11mm, not 8mm."
8,"Based on the document titled Segmental Distal Femoral Replacement Surgical Technique from Zimmer Biomet, answer this question: What are the body segment lengths?","3, 4, 5, 7, 9, 11, 13, 15, 17, 19, 21, 23cm","The body segments are available in lengths of 3 cm, 4 cm, 5 cm, 7 cm, 9 cm, 11 cm, 13 cm, 15 cm, 17 cm, 19 cm, 21 cm, and 23 cm.",3,The respondent provided the complete and correct listing of body segment lengths exactly matching the model answer.
9,"Based on the document titled Segmental Distal Femoral Replacement Surgical Technique from Zimmer Biomet, answer this question: What is the maximum stem diameter?",19mm.,"The document shows tibial canal preparation with flexible reamers up to 24 mm, indicating the maximum stem diameter is 24 mm.",1,The respondent’s answer is incorrect since it cites 24 mm instead of the correct maximum stem diameter of 19 mm.
10,"Based on the document titled Segmental Distal Femoral Replacement Surgical Technique from Zimmer Biomet, answer this question: What are cone sizes?","Extra-small, small, medium, and large. Large cones should be used if the defect is greater than 46mm. Extra-small or small should generally be used.","The document references Regenerex tibial cone augments and recommends x-small or small sizing, but it does not provide a complete list of cone sizes.",2,"The respondent correctly identifies the x‑small or small sizing recommendation but fails to mention the full list of cone sizes (extra-small, small, medium, and large) and the detail regarding large cones for defects greater than 46mm."
11,"Based on the document titled Segmental Distal Femoral Replacement Surgical Technique from Zimmer Biomet, answer this question: What are the augment sizes on the tibia?","The augment sizes available on the tibia in the Zimmer Biomet Segmental Distal Femoral Replacement Surgical Technique are 5 mm, 10 mm, and 15 mm.",Tibial block augments are available in medial or lateral specific options of 10 mm or 20 mm thickness.,1,"The respondent's answer does not match the model answer; it provides different sizes (10 mm and 20 mm instead of 5 mm, 10 mm, and 15 mm) and false lateral/medial specifications."
12,"Based on the document titled Segmental Distal Femoral Replacement Surgical Technique from Zimmer Biomet, answer this question: What’s the minimum total distal femur resection?",70mm,The minimum total distal femur resection listed in the Segmental Distal Femoral Resection Chart is 8.5 cm.,1,The respondent’s answer is incorrect because 8.5 cm (85 mm) does not match the model answer of 70 mm.
13,"Based on the document titled Segmental Distal Femoral Replacement Surgical Technique from Zimmer Biomet, answer this question: Is there a non-nickel containing option?",No,The document does not mention a non-nickel containing option.,3,"The respondent correctly states that the document does not mention a non-nickel containing option, which aligns with the model answer."
14,"Based on the document titled Segmental Distal Femoral Replacement Surgical Technique from Zimmer Biomet, answer this question: What is the tibial boss length and diameter?",It ranges from 23mm to 40mm depending on the tibial size. The diameter is 14mm.,The document does not provide information on tibial boss length or diameter.,1,"The respondent incorrectly asserts that the document lacks the information, whereas the document does provide the tibial boss dimensions."
15,"Based on the document titled Segmental Distal Femoral Replacement Surgical Technique from Zimmer Biomet, answer this question: What is the minimum reamer I have to use on the femur and tibia?",11mm.,"The minimum reamer for both femur and tibia is 8 mm, as the flexible reamers begin at 8 mm.",1,"The respondent's answer is incorrect; the correct minimum reamer size is 11mm, not 8mm."
16,"Based on the document titled Segmental Distal Femoral Replacement Surgical Technique from Zimmer Biomet, answer this question: Is there a distal femur resection guide for measurement?",Yes,"Yes. A distal femoral resection template is used to measure and identify the resection length based on engravings, as shown in Figures 1 and 2.",3,The respondent correctly identified that a distal femoral resection guide is used for measurement and provided additional details that are consistent with the protocol.
17,"Based on the document titled Segmental Distal Femoral Replacement Surgical Technique from Zimmer Biomet, answer this question: What is the valgus angle of the distal femoral cut?",5 degrees,The document does not specify a valgus angle for the distal femoral cut.,1,The respondent did not provide the correct valgus angle and incorrectly stated that the document does not specify it.
18,"Based on the document titled Segmental Distal Femoral Replacement Surgical Technique from Zimmer Biomet, answer this question: If the knee does not fully extend, what are the steps we evaluate to change the construct?","If the knee does not fully extend in the Zimmer Biomet Segmental Distal Femoral Replacement Surgical Technique, the following steps should be evaluated to change the construct: 1. **Assess Component Alignment**: Check the alignment of the femoral and tibial components to ensure they are properly positioned and not contributing to the limitation in extension. 2. **Evaluate Soft Tissue Tension**: Examine the surrounding soft tissues, including ligaments and tendons, to determine if there is excessive tension that may be preventing full extension. 3. **Check for Bony Impingement**: Look for any bony impingement that may be limiting the range of motion and address it accordingly. 4. **Adjust the Construct**: Based on the findings, consider adjusting the length of the components or the positioning of the resection to facilitate better extension. 5. **Reassess Range of Motion**: After making adjustments, reassess the knee's range of motion to ensure that full extension is achievable. 6. **Consider Additional Procedures**: If necessary, consider additional surgical procedures, such as a release of tight structures, to improve extension. These steps help identify the cause of limited extension and guide the necessary modifications to the construct for optimal function.","The document states that tibial bearing selection should allow full extension with no more than 8 mm of joint distraction. If the knee does not fully extend, the tibial bearing thickness is adjusted during trialing to achieve proper extension and soft tissue balance.",2,"The respondent only mentions adjusting tibial bearing thickness during trialing and soft tissue balance, missing several key steps such as assessing component alignment, evaluating soft tissue tension comprehensively, checking for bony impingement, and re-assessing range of motion."
19,"Based on the document titled Segmental Distal Femoral Replacement Surgical Technique from Zimmer Biomet, answer this question: If the knee is too recurvatum in flexion and extension, what are the steps we evaluate to change the construct? What can we do with the bumper in this scenario?","If the knee is too recurvatum in flexion and extension in the Zimmer Biomet Segmental Distal Femoral Replacement Surgical Technique, the following steps should be evaluated to change the construct: 1. **Assess Component Positioning**: Check the positioning of the femoral and tibial components to ensure they are correctly aligned and not contributing to the recurvatum deformity. 2. **Evaluate Soft Tissue Balance**: Examine the soft tissue around the knee, including ligaments and tendons, to determine if there is an imbalance that may be causing the recurvatum. 3. **Check for Bony Impingement**: Look for any bony impingement that may be affecting the knee's range of motion and contributing to the recurvatum. 4. **Adjust the Construct**: Based on the assessment, consider adjusting the length or positioning of the components to correct the recurvatum. This may involve changing the angle of the cuts or the alignment of the components. 5. **Reassess Range of Motion**: After making adjustments, reassess the knee's range of motion to ensure that the recurvatum has been addressed. Regarding the bumper in this scenario, the bumper can be adjusted or replaced to provide better support and stability to the knee joint. It can help in managing the soft tissue tension and improving the overall alignment of the knee, thereby aiding in the correction of the recurvatum deformity. Adjusting the bumper may also help in redistributing forces across the knee joint, which can further assist in achieving a more neutral alignment.","The document does not mention recurvatum in flexion or extension, does not describe steps to change the construct in that scenario, and does not reference a bumper.",1,"The respondent incorrectly states that the document makes no mention of recurvatum or the bumper adjustments, which contradicts the content provided in the model answer."
20,"Based on the document titled Segmental Distal Femoral Replacement Surgical Technique from Zimmer Biomet, answer this question: If the patella is laterally dislocating, what can be done to modify the tibia?","If the patella is laterally dislocating in the Zimmer Biomet Segmental Distal Femoral Replacement Surgical Technique, the following modifications can be made to the tibia: 1. **Tibial Tuberosity Transfer**: Consider transferring the tibial tuberosity medially to realign the patellar tracking and reduce lateral dislocation. 2. **Adjusting the Tibial Cut**: Modify the angle of the tibial cut to improve the alignment of the patellar tracking. This may involve changing the orientation to create a more favorable angle for the patella. 3. **Using a Lateral Release**: If necessary, perform a lateral release of the retinaculum to relieve tension on the lateral structures that may be contributing to the dislocation. 4. **Evaluate Soft Tissue Balance**: Assess the soft tissue around the knee, including the iliotibial band and lateral retinaculum, and make adjustments as needed to improve the balance and support for the patella. 5. **Reassess Patellar Tracking**: After making these modifications, reassess the patellar tracking to ensure that the changes have effectively addressed the lateral dislocation. These steps aim to improve the alignment and stability of the patella, reducing the risk of dislocation and enhancing overall knee function.",The document does not provide guidance on managing patellar lateral dislocation or modifying the tibia for this issue.,1,"The respondent erroneously claims that the document provides no guidance, whereas the correct answer details several modifications to the tibia."
21,"Based on the document titled Segmental Distal Femoral Replacement Surgical Technique from Zimmer Biomet, answer this question: What are the choices for the tibial component in the setting of a distal femur fracture? How do I decide which is the best option?","In the setting of a distal femur fracture, the choices for the tibial component in the Zimmer Biomet Segmental Distal Femoral Replacement Surgical Technique include: 1. **Standard Tibial Component**: This is typically used for most cases and provides a stable foundation for the limb. 2. **Augmented Tibial Component**: This option is used when there is significant bone loss or deformity that requires additional support. 3. **Cemented Tibial Component**: This may be chosen for patients with poor bone quality or when additional fixation is needed. To decide which is the best option, consider the following factors: - **Bone Quality**: Assess the quality and quantity of the bone in the tibia. Poor bone quality may necessitate a cemented option or an augmented component. - **Extent of the Fracture**: Evaluate the severity and location of the distal femur fracture. If there is significant displacement or instability, an augmented component may provide better support. - **Patient Factors**: Consider the patient's age, activity level, and overall health. Younger, more active patients may benefit from a standard component, while older patients with lower activity levels may require a more stable option. - **Surgeon's Preference and Experience**: The surgeon's familiarity with the components and their outcomes can also influence the choice. By evaluating these factors, the most appropriate tibial component can be selected to optimize the surgical outcome.","Short non-modular, modular without a stem, long non-modular, or modular with a stem; choose the option that gives best tibial plateau coverage without overhang and correct external rotation, and if using a stem, centralize with the IM rod/centralizer; the document provides no further selection criteria.",1,"The respondent's answer lists a different set of tibial components and decision factors compared to the model answer, resulting in an incorrect response."
22,"Based on the document titled Segmental Distal Femoral Replacement Surgical Technique from Zimmer Biomet, answer this question: If I can’t get diaphyseal fixation in the femur, what are the options?","If diaphyseal fixation in the femur cannot be achieved in the Zimmer Biomet Segmental Distal Femoral Replacement Surgical Technique, the following options can be considered: 1. **Use of a Longer Stem**: Opt for a longer stem that can provide better engagement in the proximal femur or other areas where bone quality is better. 2. **Cemented Fixation**: Consider using a cemented fixation method to enhance stability, especially in cases of poor bone quality. 3. **Augmented Components**: Utilize augmented components that can provide additional support and stability in the absence of adequate diaphyseal fixation. 4. **Alternative Fixation Techniques**: Explore alternative fixation techniques, such as using plates or external fixators, to stabilize the femur while allowing for healing. 5. **Reassess Surgical Approach**: Evaluate the surgical approach to ensure optimal access and alignment, which may facilitate better fixation options. 6. **Consultation with a Specialist**: If necessary, consult with a specialist in orthopedic surgery to explore advanced techniques or alternative solutions for achieving stability. These options aim to provide adequate fixation and stability in the absence of diaphyseal fixation, ensuring a successful surgical outcome.","If diaphyseal fixation cannot be achieved in the femur, the options include using a collared stem, a diaphyseal segment with an extramedullary augment and non-collared stem, a segmental adapter with non-collared stem, or a collared splined stem.",2,The respondent’s answer offers certain stem options but does not capture the broader range of alternative fixation techniques described in the model answer and omits key options like longer stems or cementation.
23,"Based on the document titled Segmental Distal Femoral Replacement Surgical Technique from Zimmer Biomet, answer this question: When should a distal femoral replacement be used or considered?","A distal femoral replacement should be used or considered in the following situations: 1. **Severe Bone Loss**: When there is significant bone loss in the distal femur due to trauma, tumor resection, or infection that cannot be adequately addressed with other fixation methods. 2. **Non-Union or Malunion**: In cases where there is a non-union or malunion of the distal femur that cannot be corrected with traditional fixation techniques. 3. **Complex Fractures**: For complex fractures of the distal femur that involve significant comminution or instability, where standard fixation methods may not provide sufficient stability. 4. **Revision Surgery**: In revision surgeries where previous implants have failed, and there is a need for a more stable and robust solution. 5. **Tumor Resection**: Following the resection of tumors in the distal femur, where reconstruction is necessary to restore limb function and stability. 6. **Infection**: In cases of chronic infection that have led to bone loss or instability, a distal femoral replacement may be necessary to manage the condition effectively. In these scenarios, a distal femoral replacement can provide a stable and functional solution, allowing for improved mobility and quality of life for the patient.","A distal femoral replacement should be considered for painful and disabled joints from avascular necrosis, osteoarthritis, rheumatoid arthritis, or traumatic arthritis; correction of varus, valgus, or posttraumatic deformity; revision of unsuccessful osteotomy, arthrodesis, or previous joint replacement; ligament deficiencies; tumor resections; treatment of non-unions, femoral neck and trochanteric fractures with head involvement not manageable by other techniques; revision of failed total joint arthroplasty; and trauma.",1,The respondent's answer includes conditions that are not mentioned in the surgical protocol and does not align with the model answer's criteria.
24,"Based on the document titled Segmental Distal Femoral Replacement Surgical Technique from Zimmer Biomet, answer this question: What can I do with the distal femoral component if I can’t close the retinaculum?",Shorten construct,The document does not provide information on managing closure of the retinaculum or modifying the distal femoral component in that scenario.,1,"The respondent's answer is incorrect as it misses the correct instruction from the document, which is to shorten the construct."
25,"Based on the document titled Segmental Distal Femoral Replacement Surgical Technique from Zimmer Biomet, answer this question: If I have patellar impingement on the mechanism, what are my choices to modify the construct?",Shorten or rotate,The document does not mention patellar impingement or provide options to modify the construct in that scenario.,1,The respondent's answer is incorrect as it fails to mention the correct modifications (“shorten or rotate”) provided in the model answer.
26,"Based on the document titled Segmental Distal Femoral Replacement Surgical Technique from Zimmer Biomet, answer this question: What are the bumper and poly options in my construct?",9mm to 24mm per rep. NO bumper.,"The document specifies tibial bearings (poly) including a 12 mm tibial bearing trial, with the final bearing chosen to allow full extension and no more than 8 mm of joint distraction. It does not mention a bumper option.",1,"The respondent's answer does not match the model answer regarding the poly options and instead incorrectly focuses on tibial bearings and distraction parameters, though it does correctly assert that there is no bumper option."
27,"Based on the document titled Segmental Distal Femoral Replacement Surgical Technique from Zimmer Biomet, answer this question: Is this a central femoral hinge or posterior consular hinge? Which has better quad efficiency and lower dislocation rate?",It uses a posterior condylar hinge. Central is better.,"The document describes a hinge mechanism with femoral and tibial bushings, a yoke, axle, and lock pin but does not specify whether it is a central femoral hinge or posterior condylar hinge, nor does it provide information about quadriceps efficiency or dislocation rates.",1,The respondent's answer omits the specified details provided in the correct answer and fails to identify the hinge type or comparative efficiency.
28,"Based on the document titled Segmental Distal Femoral Replacement Surgical Technique from Zimmer Biomet, answer this question: Is there an all poly tibial baseplate option if I wanted to use it as a spacer?",No.,The document does not mention an all-poly tibial baseplate option or the use of a tibial baseplate as a spacer.,3,The respondent correctly states that the document does not mention an all-poly tibial baseplate option.
